Model,Mean_Test_Error,Std_Test_Error,Mean_Time,N_Success
RF,0.339335,0.05073660192602575,0.8236438834667206,200
